Periodos,S11,S21,S22,S23,S31-S33,S43,S46,S48-S49-S51,S52-S53,S54-S55-S56,S61-S62,S71-S81,S72,S93
1993/01,71.12437271,83.94551309,39.94770806,71.13430587,63.6799445,45.82353961,55.95583518,48.74925807,47.26843905,57.6973684,68.36786438,74.87062994,91.16208209,84.98584572
1993/02,69.73728644,84.89352972,40.06059016,72.98736611,64.61592384,45.87836496,55.47916407,49.12395974,47.53975353,66.97089511,69.4632951,75.36926479,91.17701109,84.38519874
1993/03,69.72195394,85.60034857,39.89457903,73.08839783,65.44554073,45.51719884,55.36560394,49.24530917,47.58342465,61.02710734,70.32221142,75.67831455,92.28712937,84.45937048
1993/04,69.44948359,86.4479993,40.13215719,72.13906301,66.06152026,45.77004944,54.94246189,48.83415594,48.12264595,62.20623144,70.40676086,75.36210106,92.10825523,84.49420155
1993/05,69.33920552,86.32894403,40.21811686,75.02590119,66.58299256,45.89482712,54.7855804,49.10302816,48.41457639,63.72879859,70.57988948,75.04423511,93.2002237,84.49407471
1993/06,66.67856518,87.03734258,40.0099262,73.85945252,65.06121321,45.64793693,54.7747041,48.84313376,48.57107883,59.84584363,70.7812264,73.8920883,94.11348472,84.46876897
1993/07,80.66833027,86.39991618,40.03373704,74.16461828,65.32710999,46.09846813,54.97553009,49.23644134,48.68797579,74.42828552,67.33718012,74.38357657,94.18487383,84.42535473
1993/08,71.51588434,86.40889706,39.98347494,74.23591783,65.11772796,45.6375834,53.97857699,48.95046031,48.6394897,73.31542691,69.66309408,73.1857764,94.21597911,84.37106957
1993/09,71.61801172,87.67450054,40.3723562,75.19459421,65.13425338,45.37371581,54.31859512,49.41614413,48.7635599,58.478631,71.09551617,73.33454072,95.62023857,84.31329018
1993/10,72.58544978,88.57793067,40.21031958,75.21130485,65.38249846,45.99555835,54.11048327,49.39608999,48.90812934,60.76830906,70.57415403,73.41662142,93.46011784,84.2582388
1993/11,68.71159396,89.48220435,40.24838923,78.02196414,64.82482209,44.98468792,53.07792617,49.40358943,48.94047564,65.12933375,70.89536028,73.42107711,94.29404298,84.2118503
1993/12,73.92224375,89.75220174,40.54249512,80.15960356,65.40751785,45.48537273,53.84469642,49.75024016,49.49729051,69.17587544,71.13895574,74.8374467,94.03726283,83.08644092
1994/01,65.05906779,87.96844529,40.81823953,81.6885993,65.02771701,47.5674223,56.86032879,51.40427827,49.38942583,63.00262292,71.06433901,74.56369994,99.20627558,86.10171276
1994/02,69.82583081,87.44544506,40.7750165,83.79828638,63.53030525,47.05918917,55.57040327,51.04705439,49.70941568,66.51787815,71.09022068,74.66769239,99.05352809,85.50981538
1994/03,72.04096155,87.37578451,41.6001957,86.07217882,65.02097066,47.45900391,55.69460127,51.04637284,49.93971746,66.18853542,70.85363845,75.11373601,99.55170385,85.4923754
1994/04,72.00010443,87.45788116,41.85803518,88.81106069,70.32001923,47.91005749,56.71641432,51.94249869,50.25846608,66.02670923,71.57017042,76.04864877,101.6374398,85.46781279
1994/05,72.40740409,87.59652352,41.71707993,87.78536414,66.89079578,48.72626657,56.92154044,52.24710728,50.54292938,68.30138414,71.77775138,75.89571112,102.4463427,85.44078331
1994/06,76.047094,87.14297407,41.98614636,87.97918067,67.90593222,49.12316722,57.46546074,52.82234262,50.79050654,63.56330492,71.74030953,77.13872288,103.2702063,85.41273537
1994/07,66.06745695,87.41545979,42.45885254,87.18334654,68.1065851,49.45181699,57.31847336,52.6394635,50.92338789,65.86057966,71.72458633,77.11903654,103.8770769,85.38506149
1994/08,71.70391318,87.3923955,42.3635578,87.55444576,68.91267744,49.6717943,57.80516854,53.02216538,51.0935607,63.84548869,69.9435741,78.47772386,104.7007934,85.36188147
1994/09,69.33481539,87.33610258,42.51253113,86.1905751,69.47768152,49.65677433,57.78716363,52.97685902,51.27586238,64.89885163,71.69341644,78.30339101,106.3907801,85.35130098
1994/10,78.76220732,87.85867804,42.81879204,85.7947668,68.76554855,51.28663278,58.82089077,53.30419644,51.39988003,65.95929017,72.78445524,78.22901641,101.0548205,85.36173516
1994/11,70.69656345,87.58861168,42.91250996,82.42266256,69.41703258,52.30534408,60.23173373,53.06271647,51.62386723,71.06174334,72.80968529,80.2526842,102.020041,85.31684576
1994/12,71.49470041,87.4270441,43.22579417,81.52197075,67.93576192,51.66617474,59.18287762,52.54451962,52.76623326,65.32939528,72.53490309,79.81639893,101.4967549,84.35390903
1995/01,73.50590525,87.33969627,42.66575347,69.04148935,71.00110606,47.87484228,58.75574657,52.3634009,52.09125064,80.88639142,73.17826885,70.59560258,92.14957503,84.99467252
1995/02,60.27882515,85.98781374,42.91790117,56.60525389,65.92300274,45.53661056,54.96857726,50.61648239,52.06227499,64.86769543,73.15196011,70.88783614,91.22493327,84.64464525
1995/03,69.11882318,86.45699558,42.52481365,55.81521734,64.40666236,45.47291842,55.12375707,49.24652411,52.25650992,59.30142855,73.58151749,71.43975321,91.33082869,84.6108934
1995/04,76.16637289,86.64151145,43.0134614,56.98574086,62.23270204,42.73510436,50.77589532,47.62176255,52.34519582,60.20383045,72.58658365,70.94261677,86.16947167,84.64655423
1995/05,60.79126368,86.74829122,42.92035091,53.3272824,62.42636411,42.83894862,51.47706088,47.23476197,52.41025278,55.31396095,73.11339858,71.43344023,86.6338957,84.65980248
1995/06,70.71528485,87.63908071,42.98700082,53.89763644,62.29858311,43.48600549,51.74834878,47.35066944,52.51420217,57.81937593,73.67922715,71.92817164,87.51350981,84.68367888
1995/07,70.66611296,88.1098307,42.83809037,54.35764605,63.06304216,44.10869631,52.28498427,47.92720856,52.35545979,58.39569858,76.35161966,71.92377175,87.71948222,84.67394904
1995/08,83.76021945,88.79390682,42.98974694,54.16187123,63.60015531,44.75973135,53.26894345,48.34984892,52.43265309,61.15714472,73.59693385,72.12304066,88.10262813,84.64897687
1995/09,74.8931176,89.95641971,43.35353527,55.70980428,64.39786081,45.34746117,53.76812965,48.35841644,52.53132968,60.92946818,74.66659883,73.12538529,88.77809585,84.61888898
1995/10,72.06469507,65.93121198,43.42221917,57.31530702,64.92615185,45.07192239,52.84927662,48.45557688,52.59927688,59.98381226,74.11459833,73.56640951,89.6850183,84.5839683
1995/11,72.9867477,86.02059653,43.93096007,60.29012371,65.53128954,45.86199879,53.94544473,48.54403425,52.77407586,62.0421048,74.08738333,73.49021637,89.8232579,84.38863954
1995/12,83.02443787,91.71024921,44.07510408,66.41903008,67.7335829,47.32351822,55.14225772,49.63681728,52.91275328,62.3071466,73.95267368,73.39776279,90.02549356,83.50251561
1996/01,73.92149694,92.39351614,43.93493186,65.20785191,68.59691713,48.15913765,57.82644094,50.2237354,53.06252691,65.01623953,75.04501239,73.49184829,86.53161658,84.17659042
1996/02,72.72618954,93.72842147,44.50884859,63.42474882,68.72342863,47.88230441,56.2455959,49.81739264,53.11912827,61.14670264,75.51484548,73.09327562,84.03538376,83.8381488
1996/03,73.90819768,93.52906073,44.47704423,63.3153586,69.23628641,48.00481604,56.16452106,50.04534223,53.18185081,62.79887193,75.44292032,72.13469055,86.05395085,83.64118273
1996/04,70.7334022,94.72420394,44.48206963,66.04580575,69.44211693,48.29572101,56.40285555,50.20163786,53.17300368,62.75790105,75.60011287,72.04124779,85.81624389,83.60269823
1996/05,71.44136438,94.65214824,44.82165899,67.53137124,70.00299488,48.83710565,56.98362312,50.63569456,53.08778927,61.5703597,76.20372307,72.17688309,85.6906182,83.5803779
1996/06,74.33191049,95.24652788,45.1903785,69.81621529,71.07056599,48.86531278,56.33636236,50.82677136,53.2853602,64.30924073,75.96732471,71.18136798,87.85246724,83.55461229
1996/07,79.5876749,95.15037025,45.38271121,73.21882802,70.42104823,48.8960177,57.09338329,51.37427185,53.57090748,65.39529063,76.41063869,70.78375199,86.49942906,83.52822862
1996/08,72.9212973,93.33118596,45.74119647,71.67271489,70.53395742,49.38670666,57.20346893,51.77817202,53.58032616,69.04244273,76.95675654,70.70393978,86.33611893,83.50208432
1996/09,73.95126765,95.54015138,45.55899089,71.67581684,70.73187309,50.11813261,57.90243881,52.24495079,53.70270996,66.97926849,77.16229215,70.16150717,86.71774341,83.48505339
1996/10,74.45192932,96.29894086,45.65056705,72.82327751,72.11204627,50.39933273,58.18451635,52.83249241,53.9251242,66.8196095,77.56041884,70.45001095,88.44263912,83.48351865
1996/11,86.40511022,96.81787478,47.25062343,72.5103087,73.4896951,51.22338334,58.85419924,53.76817532,54.00014169,67.62786483,77.93472308,70.17275015,89.64069946,83.18654086
1996/12,74.33471595,97.79348965,46.37128735,77.8052857,73.62886708,51.52657194,59.05568723,54.44177146,53.56483744,67.54872994,78.64261965,70.15202541,91.15843019,82.47705497
1997/01,73.51102806,97.70782171,47.40577111,71.6285052,72.86016694,52.61008575,58.58192047,54.57702528,53.80719223,70.70198283,78.12537213,75.15344253,91.61776846,86.11563684
1997/02,71.59729051,98.98116266,47.25341288,69.96473409,74.29210603,53.28291188,58.4030539,55.1601857,53.98200381,67.38761318,78.76665947,74.39882521,92.6427683,85.78718028
1997/03,73.00424402,98.81813956,48.13840145,67.97809318,74.88162737,53.98174165,58.94016178,54.97899687,54.31065093,67.58370385,78.93485503,73.49597428,92.32075422,85.56670314
1997/04,74.58126025,98.25493413,47.23955855,73.72390798,76.69551268,54.15446951,59.68789496,56.26292352,54.00693206,68.52149919,80.27695856,74.79964657,93.14111385,85.5994094
1997/05,77.03718409,99.80873457,47.45345809,75.70485177,76.61902832,54.56237391,59.5906296,56.73259273,54.38206312,68.59033581,79.89223047,74.58914257,94.1196913,85.63287185
1997/06,72.08649345,101.1775992,47.35746927,75.55520249,78.15331324,56.66175505,61.36203393,57.27052012,54.46902144,69.18029618,80.48453446,74.50828989,94.89764102,85.66931809
1997/07,70.15418083,100.9657603,47.56064062,75.48138296,78.37392489,56.38927575,61.5702583,56.93725964,54.60319403,68.65333093,80.84202871,75.34914756,94.97573017,85.6930987
1997/08,75.15794095,102.3165176,47.96074024,77.02301009,78.46241283,57.32572298,62.10620638,57.46621826,54.73645416,68.69490899,81.14626132,73.28325477,95.77769507,85.71769617
1997/09,74.41553018,104.007096,47.98771819,76.68299238,78.94199595,57.50625085,62.75797068,57.47173593,54.81307099,69.27626885,81.12506885,74.30997233,96.52388198,85.76000565
1997/10,85.1310989,104.0661196,48.14804598,75.81930489,80.09400291,58.65326544,63.70284714,59.18253692,54.99574259,70.92926607,81.72713121,74.17469681,96.5735578,85.82301706
1997/11,80.29956239,104.3033192,47.54036235,75.32606934,81.16228951,60.88135853,65.47470721,60.29237994,55.07257646,70.74042454,81.83470724,74.96573535,96.46736652,85.58393545
1997/12,73.19792272,102.8264394,47.64921959,76.14250896,80.86467218,60.22802552,65.63087455,59.53684246,55.15220033,70.95471385,82.7089539,74.19986241,96.87020381,85.00271805
1998/01,66.78350894,103.0696216,47.51607969,75.39954055,82.45013313,60.23082251,67.04526626,60.38133423,55.38274346,74.80219435,81.69696837,75.2388857,97.45353861,84.60367635
1998/02,80.56496834,105.1980377,47.31366852,77.82027757,83.19180525,60.49870476,66.89843857,60.67581611,55.57844428,72.39978212,82.18982423,75.50610989,96.25613115,84.25567186
1998/03,81.58442061,104.5682856,47.0297184,78.3885091,84.2906454,60.95977839,67.80762035,61.2772464,55.74494337,72.336225,82.82203809,76.83746553,96.93594086,84.10756954
1998/04,78.35025292,105.4288697,47.03504825,79.05718935,83.70224569,61.65993516,68.21450839,60.87791419,55.88842306,73.28868278,82.59463534,76.25103986,96.9472263,84.15975559
1998/05,71.83430553,104.8859341,47.37362385,78.98005763,84.65179423,61.60473059,67.57195445,61.07010339,56.10447868,73.15098824,81.5011998,76.51726818,98.40205239,84.23300874
1998/06,76.49709297,103.1022138,47.61134666,78.74052644,83.56176029,59.53590907,65.71569422,61.13254972,56.26478282,73.02297242,82.78900321,76.42483002,97.66187134,84.29163851
1998/07,82.627075,103.0377389,48.40469276,80.36862878,83.96410176,61.36374726,67.58450728,61.4544407,56.27351138,72.19007456,83.25309947,76.39296337,98.24836948,84.34866443
1998/08,81.2573746,102.0696344,47.96444554,80.29150042,84.49372329,61.5375081,67.6962813,61.60927244,56.5240811,72.47683901,83.08019673,75.99192111,98.72551276,84.39668267
1998/09,79.9877009,98.97711352,47.91657455,83.75339357,83.68045837,60.49344032,66.95592095,61.52692735,56.59438396,72.49156497,83.14425352,76.32348417,98.55715675,84.45965224
1998/10,77.04777735,96.26588758,48.23697239,82.30319115,84.42591297,60.60325879,66.90798738,61.1275108,56.53735055,72.54225723,83.28966757,76.33539491,98.24688853,84.55339907
1998/11,77.25973826,105.5144486,48.50378508,77.50099546,84.46059401,61.11146084,67.00660317,62.18084147,56.70280208,72.33996337,83.26815298,76.12586187,98.90853664,84.34752117
1998/12,77.79723629,104.5962557,49.56864888,81.57090388,84.50213246,60.53076594,67.34731942,62.26444825,56.8140314,72.59835027,82.86192275,76.66565399,99.01070932,83.81706943
1999/01,88.27696084,102.7513194,51.83231477,85.02539582,84.2705599,61.16952404,67.43905868,62.62798671,57.03471566,73.82046851,83.79113486,76.6951364,98.29388898,87.40927485
1999/02,81.96670273,100.7786562,52.52635689,83.35575941,84.86122976,61.70496454,68.43030326,63.08357419,57.21692586,73.73759658,83.51893869,76.5803269,98.6102442,87.07669907
1999/03,81.17192069,101.2491957,53.31333225,83.86397529,84.26543063,62.57949559,69.34979481,63.53003925,57.44536614,73.81945562,84.16538958,76.81585903,98.02157076,86.91190382
1999/04,75.04071059,98.42893844,54.03746551,82.11293308,87.49963192,61.13452429,68.78603872,63.76589106,57.70402604,74.04926835,84.13928064,77.00338271,95.34442587,86.89774833
1999/05,79.32841752,98.55833269,54.22842033,82.44246674,86.7175429,63.65779061,70.25096635,64.31050658,57.87607612,74.23532382,84.33020353,77.28225317,95.41866836,86.89809701
1999/06,67.87495213,95.48397913,54.42464752,83.36889343,86.25129736,63.48371626,70.62891849,64.19618843,58.10252841,74.49866023,84.05610474,78.05254912,97.3893361,86.88977583
1999/07,81.7575878,97.42244269,55.13144224,82.07278755,87.2476727,63.72876138,70.51192554,65.0005689,58.46936663,75.81618675,84.01185455,78.58275936,98.73927928,86.86007203
1999/08,75.5339851,96.07538199,54.73495618,81.23381151,87.03830141,63.69549467,70.66567045,65.21054223,58.61374706,76.02836123,84.21932353,78.5740462,97.97755085,86.79919119
1999/09,78.67005488,98.06927066,55.38952684,82.64050215,87.41587822,64.37451614,71.68150654,65.52813836,58.85099449,76.32855294,84.31924467,78.64712014,98.25029981,86.72851569
1999/10,75.41184968,97.4949951,55.42886509,81.62785123,86.12990795,65.73029693,72.96302711,65.76079718,59.08874467,76.25550848,84.40230086,77.66239479,99.05485513,86.66030694
1999/11,76.49156637,100.0815852,56.21024529,83.46626454,86.26234023,65.24687247,72.5655229,66.14560576,59.44687629,76.74905631,84.71363744,78.27000471,97.84620867,86.41833059
1999/12,77.88472284,97.12166538,55.67147344,84.60121839,88.00831473,65.62050057,73.74922799,66.83446693,59.20526689,77.15601566,84.56625303,79.08069,95.89795308,85.77167553
2000/01,88.43298455,101.1454177,53.8118949,85.43420618,90.07956497,68.68706849,76.95138565,68.3527619,59.69348798,78.32983821,86.04387609,79.13935975,98.42233688,91.89489881
2000/02,74.48724696,99.81068222,54.60080265,86.26804944,90.55638322,67.2638338,76.24107215,67.94639353,59.9665068,78.972719,85.29397481,79.81095904,100.0920239,91.54820802
2000/03,76.03770439,101.1599321,55.20810756,84.12710159,90.849042,65.22415147,74.53004596,68.14593985,60.15454241,79.07041117,84.66539389,79.78047519,100.3973141,91.11000592
2000/04,75.58735502,103.7435158,54.95074612,84.43424932,90.69864304,67.62002605,76.08910629,68.50431445,60.3174107,79.7786535,84.66162378,79.40356699,101.4419041,90.79990837
2000/05,80.62683295,103.1327833,55.1976754,85.6135119,91.71579579,68.00472916,77.30236213,68.77968559,60.5320072,79.60465942,84.89470151,79.47500882,102.0040432,90.54902217
2000/06,78.31275944,104.3895138,55.20318071,84.68428793,92.62038406,68.78175046,77.93916127,69.44852448,60.74469599,80.10289378,85.27618769,79.71408952,101.4606855,90.30114653
2000/07,73.46203404,96.7913151,54.69142599,83.05184572,96.5095415,69.59264028,78.55256457,69.93660932,60.92146179,80.84797582,85.01617411,80.04281777,102.6787252,90.03642646
2000/08,75.65909234,105.6183332,55.33109644,83.37516461,92.75791978,68.800222,78.50651906,70.13387283,61.05269607,80.87994284,85.12466405,80.31173737,102.8746255,89.73976875
2000/09,76.80246215,107.4576319,55.95553999,82.01576464,93.01879421,70.08705141,79.522209,70.47952763,61.25967532,81.26153966,85.43618642,80.65510047,104.7080085,89.41352521
2000/10,81.26273577,99.79478803,56.19591527,82.04355475,93.22960457,69.41373476,79.10755677,70.34424823,61.41288437,82.08560283,85.24795441,80.76403187,105.3175437,89.04791991
2000/11,76.48313754,102.3945051,56.77514565,80.45636414,91.12219019,70.89301054,80.61904955,70.03987757,61.57290731,81.29044253,85.27949373,80.75288044,105.5315933,88.53951005
2000/12,84.09257878,102.9077807,56.50891344,79.61517797,89.50149007,69.07358743,79.02424343,69.98964418,61.38543851,80.85247282,85.63956194,80.47056955,103.8107717,87.74204169
2001/01,80.24188492,103.8067397,56.38395373,78.66072688,92.67216104,67.63490721,79.58428458,70.25047677,62.12133168,80.25670515,85.43447822,80.01936452,103.9072344,85.3720658
2001/02,74.50469986,107.1002039,56.85546813,77.09183056,91.27747936,67.32687303,79.26653665,70.18178293,62.31643956,79.76291853,85.70031455,80.01406752,102.7463444,85.01594614
2001/03,81.34270985,105.9535131,57.07349002,76.73950355,90.02275776,67.15993133,79.71732377,70.47358953,62.48496755,79.59047779,86.0879159,80.23984264,102.6560163,84.49409874
2001/04,83.67411764,102.5063683,57.72274322,73.21446752,89.42551818,69.01008996,81.15403698,70.19431392,62.72093161,79.61674186,86.11984812,79.72723252,100.7517239,84.23857281
2001/05,83.15726814,102.2355213,57.46277272,75.25403396,90.2783558,66.70879871,79.25978099,70.25137662,62.94060156,79.11799919,86.38533898,79.87611323,99.88902511,84.08161375
2001/06,85.43529118,105.7321177,58.03905951,76.21027842,89.42746467,67.03657653,79.363474,70.53011693,62.95991091,79.07941232,86.47058879,79.78862168,100.3734607,83.99604939
2001/07,80.21151599,106.2970825,57.55879557,78.65758107,89.10576133,66.84292322,79.0710702,69.9854426,63.21013775,79.0089708,86.44952885,79.46537655,100.1934279,84.02919291
2001/08,88.0460853,105.8385624,59.04511614,79.10202573,88.58402949,67.07896156,79.8503126,70.20191452,63.47571142,79.06876745,86.7207361,79.6800878,99.77446415,84.15354077
2001/09,85.26672828,106.7872297,58.89321723,78.26495056,89.31132334,67.45018092,79.81464145,69.85517376,63.62609714,79.2522265,86.79250726,79.57439589,97.39336499,84.4611107
2001/10,85.60357534,103.8755585,59.47125555,76.07196337,87.19375125,65.91911766,78.87625885,69.37981089,63.77925273,79.15925292,86.65172799,79.61587483,96.5102865,84.78580685
2001/11,90.73738816,108.2197325,60.16380936,76.76602416,87.23988138,65.72933313,77.78130638,69.80993874,63.95310733,79.26470888,86.48936653,80.14210928,96.37416268,85.02785481
2001/12,83.14470698,108.9962299,60.43454259,78.14401224,86.76406606,65.5561599,78.30644991,69.01635202,63.86554294,79.25042046,86.7419461,79.32656007,96.22464388,85.239556
2002/01,81.99721822,106.2932838,56.71405609,74.37167396,86.71995605,63.19776468,75.72190844,68.028737,63.94526582,78.53151217,87.14543447,79.74672855,96.12754733,84.79614016
2002/02,82.08738158,106.0115356,57.16696628,74.26860361,86.34077642,65.52000762,78.53884565,69.16310943,64.08275976,78.32102212,86.31211337,79.81479451,94.70192423,85.2706613
2002/03,81.93994902,104.1993979,57.00263972,70.58057429,87.47615009,67.09577347,80.08930621,69.248453,64.62545366,80.26080292,88.61888586,79.50016754,95.67679047,85.22206226
2002/04,84.10513051,105.7597291,57.42152835,74.36092961,87.57442282,67.60054981,81.88150423,70.33695744,64.00047165,78.31195657,86.2966613,80.19811443,95.78747233,85.53615731
2002/05,83.56172766,105.8187818,58.50740271,75.36273666,86.28301472,67.84740184,81.80205678,70.49112872,64.5041287,79.47279158,86.87680289,80.49562075,94.94665319,85.88644479
2002/06,81.11699956,105.6782926,58.06571031,74.28454409,86.92917927,67.40761073,80.95925745,70.24134024,64.84111522,79.51190418,86.87961635,80.28658808,95.13103373,85.81929299
2002/07,83.83576393,104.8786494,58.30003582,75.18113815,87.05617099,67.74604449,82.04849756,69.46123889,65.09967377,79.85991258,86.78390219,80.24520482,94.67946052,85.96700453
2002/08,85.98361373,106.4295262,58.15598173,76.27171724,87.35320447,67.96213885,82.14782617,70.13614332,65.2312845,80.14714503,86.8189142,81.12886351,94.68780472,85.8514585
2002/09,84.0841446,105.5506287,58.7168301,77.61297808,87.31871893,67.69781758,81.75493578,70.13730618,65.3606883,80.1434133,86.71983427,79.94286093,94.33941671,86.03567717
2002/10,86.1118771,110.741164,58.67889275,77.25166967,87.8031368,67.00818881,81.29010466,70.43363221,65.51312173,80.6777722,86.71029676,80.94385708,94.54233954,86.14103325
2002/11,82.68968871,104.8586254,58.1201076,77.27248427,88.28462058,66.8456949,80.43924276,70.06262727,65.55297925,80.72853259,87.01052767,80.55611351,93.61033274,85.82788886
2002/12,82.05784273,107.9454683,59.99659576,77.8106432,86.52271636,67.71108585,82.10578203,69.99843035,65.22806265,80.49378155,86.57840895,78.82627253,94.39416874,85.73488987
2003/01,83.98297945,109.013952,58.96163631,78.37271433,85.0588794,68.48626931,82.88370517,69.550297,66.0962724,81.23502496,86.05913103,80.83740108,93.87154332,86.47671324
2003/02,83.49175904,110.385815,59.45099554,81.90765189,86.80623468,68.17436914,82.70420195,69.74352599,66.33686291,80.61724933,86.43628431,80.32000777,93.93916439,86.59467055
2003/03,85.6706877,110.4571933,59.87137254,77.19543082,85.93537447,67.27187376,81.77312444,69.64063045,66.37469933,81.83538209,86.02397621,80.5859296,93.1155974,84.87641765
2003/04,85.21248581,109.2049531,59.76684255,77.78347212,86.7004094,67.26310754,81.85042538,69.83288764,66.27722049,81.32644059,86.41781099,81.87797555,93.33875503,85.92329559
2003/05,83.27534376,109.9713093,60.21685795,77.0767389,86.25773698,65.88214482,80.13619424,69.68281145,66.42679735,80.60754809,86.28858069,80.51846351,93.38585901,87.96864224
2003/06,88.52868217,110.9888043,60.1574849,77.93938383,86.93205916,67.14681148,81.53964149,70.05069052,66.88794227,79.41452359,86.39694716,80.16744198,92.72223548,85.94252998
2003/07,89.34873438,111.6498656,60.58091366,77.6486055,86.66191528,67.25183091,81.9775206,70.32233821,67.25051665,78.93863033,86.86486282,81.35273217,91.84108458,85.83723542
2003/08,85.97525631,111.4612104,60.26874908,76.92040821,86.29088484,66.53802382,80.40198318,70.17164902,67.28670526,78.82115252,86.83963364,79.52530962,91.74084105,85.09040751
2003/09,88.46482206,112.1283684,60.24961598,76.48840909,86.61598513,66.66720074,81.4201489,70.43381966,67.75301347,79.52739251,86.35633137,80.24200686,92.27998237,83.90787538
2003/10,79.39633403,114.1917091,60.47475024,78.63047711,86.61045375,67.49517785,81.75224332,70.91779114,68.2907042,79.13912181,86.73923764,79.60681957,92.52377976,83.23440691
2003/11,88.69739612,113.5952571,61.70011399,75.28293117,87.07346705,68.01081967,81.77820968,71.23540119,68.77378915,79.06714736,86.68158622,79.59578024,94.98280136,83.5612602
2003/12,88.38558194,113.2627551,61.41893842,79.16508625,87.75672446,68.37516392,82.77351042,72.26525837,68.97586269,78.55584836,87.15396114,80.75021521,93.64199251,84.10905953
2004/01,93.36935455,112.8948262,65.25995877,85.67641706,86.76803522,67.8841304,81.00585931,72.73267443,69.35320825,81.80926147,86.81893509,80.42960931,94.867751,84.73302747
2004/02,90.82204929,112.7748838,65.58636901,82.44107476,87.29109282,69.068526,82.32163392,72.61633056,69.7312987,84.06129118,86.59672068,80.92556509,95.25653934,84.27982228
2004/03,89.09300756,112.2312339,67.31340962,83.67380389,89.57369625,71.24948272,85.94673517,73.77508404,70.15296689,83.19660505,87.36977372,82.90148651,93.71811204,85.40195195
2004/04,87.48584623,114.2211531,66.67978968,84.01754146,89.12806274,69.7046816,82.95532714,73.07886129,70.65426121,84.79798636,87.1183312,81.57221822,95.75709243,85.82030535
2004/05,86.28892466,112.8986122,66.10556687,82.98003563,89.19588625,71.46221452,84.69003127,73.11740366,71.05545306,85.12722833,88.20776484,79.81358585,95.54249469,85.57162409
2004/06,85.96451518,113.7008828,66.45033863,83.48459154,89.09417082,71.17335937,85.34884391,73.57877505,71.93456425,83.42444056,87.10351132,82.33292297,96.00413568,85.68219123
2004/07,85.62352164,111.3188815,66.79255154,82.86152136,89.63699512,71.09508523,84.57842695,74.33213609,71.19631288,81.30332507,87.15989014,82.66276171,96.22814159,84.85209986
2004/08,83.72069581,110.8370631,67.56980207,80.58577879,90.22475717,72.5069527,86.01836112,74.5117208,71.47196855,80.38100651,87.59712507,82.37224543,96.53895578,85.44540494
2004/09,86.08442892,114.3762711,67.88396163,82.57364916,89.84875649,70.69503427,84.40391445,74.51648994,71.39218629,82.37374798,87.28790291,83.0450323,97.31773833,85.24471491
2004/10,84.44761509,116.4898552,68.28578584,83.12059278,90.05728684,72.4531079,85.2584354,74.71760675,71.28233095,81.47457305,87.61773968,83.06357831,98.7222733,84.94782128
2004/11,92.44492672,114.3547288,68.49101478,83.60315779,89.92147044,74.2694209,88.67610817,75.5483717,71.39495169,81.73890661,87.90916649,83.96084716,98.27506001,85.16185941
2004/12,90.44228093,108.578255,68.94611226,83.63723754,90.93573182,73.23105609,86.64260052,75.82398263,71.41575448,82.6587089,87.67973277,84.86210265,98.40241692,84.4097944
2005/01,85.87307653,113.2463504,70.99207882,88.09490958,89.98281578,73.26307693,86.27263928,75.6226181,71.53620742,79.32961355,89.52387943,83.43797977,97.84182975,84.08193554
2005/02,87.33858142,113.4197683,71.59064855,84.87406576,90.86919738,73.44745455,87.07399393,76.54469436,71.69291202,83.35621574,88.62143545,83.74830112,97.70894209,85.02359787
2005/03,85.09416535,111.3908971,71.50906715,85.33716951,90.52500783,73.34778286,86.92497701,76.00044657,71.41300172,85.00358855,88.7928418,84.12642178,97.71694168,83.83846114
2005/04,86.50948168,114.2428402,71.82405133,84.99634763,90.88287572,74.20763333,88.06147266,76.44035753,71.63121441,83.90060419,88.87838838,83.7363306,97.18673582,83.93970238
2005/05,84.58348611,116.0581231,72.28749881,85.80608169,91.77468106,74.33666208,87.43008709,76.5119671,71.71199827,86.84181282,88.94403713,83.79943735,97.99775808,84.24954092
2005/06,74.72422207,115.7000893,73.35466076,85.63868609,89.07897801,72.93173645,86.49847058,75.76412333,71.56059186,87.6556719,88.99725097,83.94872638,98.43700116,84.2771569
2005/07,92.97709481,105.8250453,73.56744859,84.77867736,90.15902034,74.67203733,87.76462962,76.50798333,71.68948211,88.60774967,88.32952954,84.12108101,98.84015192,85.30985024
2005/08,88.73814882,115.6059107,72.78713937,84.44479612,91.11074309,75.45108399,88.95075909,76.96405085,71.63208774,88.71621434,88.48387592,85.15200343,99.59625785,86.14931244
2005/09,86.59407973,113.5101401,73.19882359,85.71718883,91.89576509,75.62934768,88.74865984,77.66250707,72.07292976,85.8263452,89.43953132,85.27893199,101.6620684,89.6682398
2005/10,81.13967642,111.8027405,73.72253133,85.94414523,93.22295849,76.53293049,89.08946291,78.08961501,72.82787673,86.07313415,89.49283479,86.14641178,97.31922109,88.52332776
2005/11,85.83380563,115.0495865,74.45068879,87.63329259,93.95840433,78.1926334,91.83083369,78.63506637,72.6435013,86.75679621,89.79758542,86.34149432,94.70428176,86.30492205
2005/12,82.53779709,115.3855078,73.34543832,89.66240368,94.57586306,78.80733582,91.57511785,79.34636786,72.68512858,84.93153484,90.50563242,86.66738214,97.23477932,87.06870217
2006/01,95.34368195,115.2391184,76.34437766,90.24374671,95.5926867,81.79428085,94.872705,79.80137314,73.85802923,85.34294791,89.85179253,87.35179844,97.52748828,88.58029787
2006/02,87.12670004,113.6914123,77.59455499,89.33198878,94.9123153,79.30528495,91.97901099,79.97504518,74.14415939,88.01281257,90.97376876,86.79441602,98.01305986,91.67017336
2006/03,86.12453043,114.1083721,78.39903205,91.26954939,94.85634737,79.24290648,91.98105664,80.35202603,74.80181308,83.51941422,90.7788123,87.57120132,99.75934138,88.60730008
2006/04,88.16904567,113.8916716,79.37304273,92.02832375,95.14920383,79.75598904,91.04108106,80.68228508,75.20027394,88.57985884,91.2550282,87.68421995,98.78956709,86.7001607
2006/05,90.11891353,112.821768,80.53514833,92.88026588,96.84070273,81.04777589,92.86939751,81.54768287,76.31989107,89.00806504,91.3715321,87.68804059,99.262642,92.00363046
2006/06,88.74980206,111.0374461,81.54799875,93.21800082,96.26456323,80.1685061,92.02077335,81.5066566,75.89734923,88.63848231,91.87861649,88.29867789,98.59188396,87.42596374
2006/07,88.30138711,110.282068,82.09625356,94.64454817,96.86159472,79.75210434,91.04195387,81.32596423,75.94732495,90.98227458,92.42250803,86.88563109,98.94981001,87.11001829
2006/08,88.57063542,111.2514206,82.82973846,95.93915018,95.74823789,79.68846881,90.91208801,81.54093459,76.17166178,92.49107105,92.54939608,88.09439285,99.22965219,86.03049277
2006/09,90.35631343,111.8752343,83.15425157,96.04594831,95.78446548,80.98442876,91.71094806,82.18262582,76.15192462,89.2642318,93.35612926,88.46078323,100.3162363,85.81481907
2006/10,92.5202116,111.227196,83.45698664,95.2676597,95.82540734,81.48156641,92.40310003,82.17009107,76.56773619,90.82030881,92.16185909,87.77203605,101.3132077,84.59002065
2006/11,87.94174842,111.2828269,84.24253516,95.05190487,96.24848399,80.34323652,90.95651949,82.02594195,77.29949963,88.84645886,92.2310528,88.29577642,101.7120822,85.08274882
2006/12,100.0907459,105.1033256,84.61168636,94.99956679,96.11777469,81.5109319,92.43637093,82.90186737,77.01194679,89.69680384,92.17590193,89.00652139,101.5071094,85.43419765
2007/01,92.72359941,110.3540942,84.47001161,94.78912294,95.75361295,81.02303158,92.82457095,83.99437578,77.21410013,88.64544551,92.70830937,91.05600508,101.6027568,86.11515547
2007/02,95.20311194,111.2673764,83.32919449,95.97915909,95.9408752,81.31584702,92.7675131,84.41802236,77.13103066,87.19885299,92.97428867,90.97983244,101.5503776,86.20465792
2007/03,95.62005691,111.4298372,85.2516962,96.35799407,97.01608084,80.97145471,92.94581205,84.93041292,77.42687084,88.38342383,93.75060495,90.58890888,102.4640667,86.90327539
2007/04,91.2346082,111.198201,84.59559488,95.94482965,96.38907787,81.91987809,92.22889221,85.67565606,78.04214141,89.05303566,92.97243863,91.45118574,101.6263061,86.76485069
2007/05,92.76442397,109.1931718,85.61883957,94.93990792,97.56646981,82.97556791,93.77396974,86.05234835,78.65841078,89.6900645,93.97710349,91.79769523,101.2979466,87.37253094
2007/06,96.86932787,112.1050059,85.38669161,93.48836231,97.58375768,83.33288629,94.4036856,86.67280988,78.87392229,92.35231565,93.63566394,91.66719801,102.3905248,88.15337909
2007/07,94.02250869,111.9926134,85.99189459,96.17840118,97.03518213,82.46509179,92.79747539,87.08671007,79.00543845,91.9117528,94.11175288,91.51082423,100.8043973,88.21224397
2007/08,95.98875392,101.2416442,86.4903244,98.4680624,97.24947694,83.78998517,94.38834419,87.48656243,79.65585203,93.36292984,93.68937097,91.52698602,100.5591598,88.51466306
2007/09,93.82968719,109.7952141,87.26190357,99.90160267,96.46925307,84.58669128,94.12913628,87.43339962,79.90061056,94.21006438,93.93055742,90.89016237,100.8226126,89.57344826
2007/10,97.5712933,107.9017218,87.81485748,100.9870469,95.88613578,83.30632782,93.88581649,87.2450867,80.60191944,93.98538495,93.747645,91.44580803,101.6090128,89.88743741
2007/11,101.1795789,105.6846044,88.00737041,102.6145353,94.38077734,82.29947815,91.7159505,87.07355464,80.96810699,94.29510346,93.4762978,91.66072348,102.854203,89.78673096
2007/12,86.15229968,106.3138534,88.87035292,103.6190967,94.06485203,81.17130446,92.06080801,86.70733644,81.78060372,96.64753803,93.42236599,91.50147538,101.3957356,90.07209331
2008/01,95.70948011,105.791603,87.29734144,101.6815716,96.36252453,83.96792414,94.98294698,86.94735563,81.67982961,93.89675693,93.62674724,91.53987474,101.8883625,89.34301818
2008/02,92.9976819,105.9644799,89.71417518,104.052119,96.56483226,82.3196015,93.12381559,87.82875877,82.28861669,90.75446337,93.58898214,92.05544933,104.7195805,89.6366421
2008/03,91.58982948,104.2233639,87.1941285,101.6303701,96.44730488,81.25291004,92.6461493,87.5151726,82.95122801,93.68370768,93.06562114,91.82157358,102.1875683,87.06711006
2008/04,92.48568443,100.8295903,86.9762547,102.2784538,96.69052355,84.74177962,95.29502745,87.2489885,84.03190453,93.67989571,94.00673052,92.34440185,102.5272423,89.14578702
2008/05,97.05268522,102.2487115,87.7166902,103.3749518,95.11925141,84.51690256,93.58983644,87.27859369,84.98308793,92.99490808,93.89903489,92.4134496,102.9826454,88.92346324
2008/06,93.71539372,103.4343109,86.66678165,104.7291911,96.28320641,85.11606185,94.9916574,87.89836096,84.80140175,96.42205905,94.30210523,92.25174243,102.3007497,89.64765574
2008/07,97.95257116,103.3869352,86.03368566,102.9521826,95.00416862,86.83332292,95.72056175,86.90464808,84.92824141,95.19829385,94.27026766,93.08331955,101.6385294,90.63143759
2008/08,85.9276634,102.511171,87.28742854,100.0267259,94.91124464,85.1628416,93.53909521,86.64007689,84.84534791,94.30777912,95.00252324,93.20586077,101.7552043,91.35985784
2008/09,91.89326917,100.5326386,85.58411377,99.1290817,95.19140175,85.35399604,93.79005232,86.21762964,85.45974053,94.83358373,94.98863616,93.16483146,100.3700407,89.43607598
2008/10,98.58016394,103.8966202,85.75499146,100.9677718,93.96366013,84.53829684,92.37933333,86.50498167,84.40417898,95.18676468,95.5579127,93.43481753,98.73534426,92.30634382
2008/11,94.44473306,103.0955422,85.98486271,98.00362716,92.09473493,82.52690333,89.50600182,85.52517264,84.21404932,97.09297325,95.94076369,92.90322429,98.31226515,92.03910028
2008/12,98.48813247,101.5310329,84.72060849,98.26705913,88.97914274,78.35758012,87.69586333,83.76498469,84.35854465,92.4854298,95.97317776,92.05032682,97.29298226,91.99599189
2009/01,97.84393833,100.7539006,85.15334376,98.11241708,84.07254528,72.59199709,77.11777643,81.66006827,84.19311525,91.48923696,95.66454282,91.75451475,96.669177,87.93108423
2009/02,86.84040487,99.85443902,85.66484721,94.80113396,84.04325561,72.95243309,76.89223926,81.91161733,84.40944522,90.35583183,95.84202858,91.82777364,97.07051344,92.94710217
2009/03,95.30849286,99.13458498,86.65754888,95.09904623,82.60477546,73.29009446,80.59911573,81.48741465,84.03136577,89.15964274,95.69801288,91.73643118,93.63200932,93.86061812
2009/04,93.93831285,99.20637073,87.30756439,95.22794886,83.18909778,71.25684164,77.21296485,81.5597066,84.17186611,91.6969772,84.3399769,91.67122305,92.74092884,94.34028009
2009/05,91.28476923,98.58809336,86.7504718,96.99194286,80.9576912,72.15714127,75.76481517,78.26964734,84.30195547,85.94196512,96.51361995,91.39286018,75.49686068,96.5461278
2009/06,93.28949458,96.17819573,87.30638111,97.56390259,81.88208914,75.39169127,78.69429065,82.04655731,84.59597897,88.30009101,96.56154025,91.45937329,87.99661827,93.97577576
2009/07,90.59721828,97.74532888,88.58445669,96.34457185,85.73419652,75.79503781,79.65694863,83.20746549,86.05930007,88.52106695,96.98961818,91.44341464,92.38699483,93.97175334
2009/08,88.92836985,96.46991745,89.31002793,95.75516984,85.13466032,76.28798885,80.34970178,83.68837692,85.94830006,87.37378177,96.54966709,92.45717358,93.63437124,93.72188533
2009/09,90.6757318,97.32957474,89.44828984,94.99493232,86.64236607,76.37422773,81.38535414,84.20090961,86.75505104,90.24927977,96.78727414,91.56289987,90.59599925,90.3132999
2009/10,91.38096062,98.07048176,90.2584926,93.28359862,88.39367087,78.80152295,83.63301693,85.6067283,86.99166905,85.82431987,96.86665426,92.21764886,91.27916818,93.17840725
2009/11,92.7798264,97.16230726,89.38894412,92.96342584,91.24680603,80.64857581,85.2390659,86.25331717,86.68722412,87.47885736,96.7976906,92.34610198,91.51065961,94.26876932
2009/12,94.32008792,97.33055438,89.15696375,93.08075245,90.28576677,80.81666097,88.65487713,87.2567205,85.29910107,87.32640801,96.71487293,93.20496884,92.85711766,94.4159632
2010/01,90.74781306,99.14304191,89.39419954,104.3046487,88.79761146,79.81639451,82.08952258,85.78019617,86.86823968,87.94838591,96.32048004,93.67416885,91.98385618,93.74660213
2010/02,94.58228007,99.87537755,88.98006875,94.96113736,90.52125044,83.40966903,85.64277894,86.94073909,86.44635338,87.07680033,96.04882809,93.49348252,92.56477747,94.32961584
2010/03,92.78374671,99.54479218,90.11150529,96.04522653,91.9057817,85.09171978,86.22992979,88.14849544,88.64052984,88.95848326,96.10862767,93.80915176,93.10144858,95.67046916
2010/04,98.47908826,99.96138206,90.11025973,99.74291519,93.10791311,86.09935371,86.08549486,88.24007713,88.0968675,88.66114988,95.9502843,93.22461618,93.13141634,92.33749743
2010/05,98.85353302,100.5888494,90.80676261,93.2231554,93.19311888,83.85475478,87.00429012,88.43120352,88.37484165,88.20609469,95.37683008,92.57342504,92.76245127,99.45013632
2010/06,94.56447408,99.54901296,91.79648783,93.40136049,93.06973459,82.99438291,87.09401164,88.39103504,89.51234713,87.75038095,95.40847341,93.2867936,92.13400655,100.903167
2010/07,95.38414935,98.67693605,95.26377681,93.99904065,92.66834087,84.85936378,88.45324863,88.16618726,89.27867199,89.00445642,95.23749839,93.32723545,92.66843074,97.49757879
2010/08,93.51916049,99.1906119,91.61028315,92.77260738,94.48256481,85.43101987,90.01594974,88.78939865,89.30664288,89.09690855,95.26553089,93.16721922,92.56568522,96.18910872
2010/09,100.2168767,99.49388657,93.32820457,93.78634726,93.55776004,87.2490063,90.78072283,88.37499355,89.33522477,89.6282736,95.03645453,93.59710383,92.82285997,97.28944395
2010/10,94.36120365,97.93802571,92.89953902,94.49576433,93.1165573,87.94605864,92.27596767,88.91198719,89.22705098,89.4818346,95.65163356,92.86813416,93.12556988,95.9628795
2010/11,95.92846604,97.53177471,93.68186321,93.50488041,94.30809618,89.59780815,90.7602694,89.06769581,91.71155911,89.2836456,95.3929367,92.96209468,92.77060118,95.44935118
2010/12,90.60625219,98.56046039,94.50027784,93.86219245,94.48313077,91.8245509,97.96978997,89.61764806,91.28299758,88.84741518,95.84274102,92.328049,91.90345361,95.70112409
2011/01,92.75321822,98.20115625,95.73547963,98.46005342,93.93986614,89.53295176,94.44476505,89.45283619,90.67200796,91.40577508,96.34785444,93.00466047,92.84098103,95.98068867
2011/02,87.24341189,98.54617978,96.3194255,94.60833447,94.5870744,92.99102306,95.75157719,89.84232719,90.6945376,91.94875364,96.72737025,92.97164009,92.55539371,95.41789838
2011/03,101.3713222,99.54757478,97.41342385,92.11359861,95.24602001,92.19397043,95.88597302,89.83639966,91.65978452,92.57363066,96.73180054,93.3154473,92.60315649,95.80980333
2011/04,85.87330488,99.76141034,97.95861605,97.23836685,93.95620381,88.5014027,94.0337722,90.87319862,90.93098032,93.68818286,97.26626969,94.05337158,93.80649577,96.40468293
2011/05,87.4560381,99.37688924,97.21192484,97.1732812,95.51148082,94.21548198,96.8082194,91.5212953,90.74227858,93.85703084,97.54718976,94.13705766,93.58298689,95.84087649
2011/06,80.23808731,99.6765172,97.92917451,103.1891384,95.08848756,94.48980459,96.71593965,91.50782474,91.20221683,94.73387156,97.65830672,94.22306263,94.36614211,96.59820441
2011/07,94.1811033,99.56845413,97.39265793,98.83134596,95.99983385,92.56313194,97.59542947,92.2258774,91.53588605,94.56729068,97.51990576,94.77243625,94.4392106,96.69195159
2011/08,98.44402427,99.69177664,97.51793378,100.4167696,95.39380369,95.66230305,97.85110364,92.58688182,92.06082197,95.53162915,97.82941333,94.09391631,94.69303665,98.37828161
2011/09,95.30043816,97.9204103,97.83598601,99.48383692,95.9699843,96.33710871,97.07705745,93.43448268,92.91810253,95.14469002,98.54804721,94.62671473,96.4208471,98.70599437
2011/10,92.50796834,101.1281382,97.51788796,101.0615409,97.2015529,91.74429944,94.79255146,92.99226094,94.2360912,94.37989081,98.12734456,94.99463886,95.68500877,99.38622468
2011/11,94.12478642,100.7835162,97.4266946,103.3161885,98.26586008,96.89194676,96.81752196,92.81903553,93.84704713,96.02420282,98.31266565,94.65617495,95.05038703,100.0039391
2011/12,91.17438192,100.5134913,99.95518157,102.6331701,98.31320333,95.60537767,95.68935145,94.09054709,96.67649426,93.19854208,97.43686624,94.74422301,96.05903853,99.72662491
2012/01,92.92410805,98.1951172,97.69319244,101.8035846,99.05485632,98.48563933,97.91794732,95.40540236,94.7433363,93.23556373,99.41754393,95.6203131,95.28048588,100.2383928
2012/02,93.52535076,99.8880622,98.83165456,100.2157119,99.10906427,98.05073517,97.68577376,95.47556242,94.94304765,94.11801738,98.77174449,95.57621997,97.45993144,101.7319223
2012/03,105.2499038,100.1944886,98.633999,99.58297486,99.3191489,98.5700519,98.04994106,95.69581697,94.84103058,93.71254664,98.66533978,95.64853114,97.84705736,102.662275
2012/04,92.97582902,100.0974903,99.1619784,101.6445151,99.80372069,98.37117926,99.24188453,96.18659592,95.00173686,94.51045036,98.82589182,96.68836219,99.10444345,102.9863447
2012/05,92.34861675,100.5766835,99.69329693,101.5104384,99.26175906,98.89087149,96.14002438,95.69442322,95.24800432,96.32406206,98.99967119,96.80335389,97.25862098,103.4942186
2012/06,99.60680408,100.6981208,100.0347326,101.2815111,100.3881546,98.46334481,95.27939975,98.11969242,95.52278351,97.13692873,99.25785966,97.44917951,99.88519895,102.7886028
2012/07,96.54536444,100.7354446,99.90871506,105.8594753,100.1189502,99.95810804,95.74417448,97.15789099,95.97574698,97.03944912,98.60396174,97.51512153,99.39356169,102.8002636
2012/08,99.47981538,100.6291467,99.26959406,102.2689363,98.94667552,98.77343857,95.15163473,96.18120662,96.90318887,100.0619084,100.0052642,97.71094784,99.80052378,100.4454484
2012/09,94.23612422,100.3093977,99.3919475,103.6373069,100.7210495,97.5289688,94.76241626,98.04288766,97.22946842,97.8240992,99.90789819,98.16520008,100.5158749,98.13294858
2012/10,96.15233726,100.2913223,99.9736172,101.8295975,98.46061089,99.15468751,97.62247374,98.29217754,97.84462412,98.73796163,99.77516052,98.43838779,99.38687718,100.5605502
2012/11,106.1679467,102.6027678,100.6720446,102.4954815,99.29039431,101.0596341,99.21035626,99.37830472,98.62579105,98.9309652,99.97972544,98.89578516,99.9336008,100.8395265
2012/12,98.65713854,100.9341587,99.53048682,96.9027739,99.29968006,103.5179034,99.56581612,99.19794113,98.17651785,101.136313,99.7947384,98.22466139,99.7144685,100.3303594
2013/01,98.88779008,100.8142127,99.95545475,100.6713202,99.58308649,101.0052117,99.04681703,98.95285905,98.71299185,101.2927709,100.112012,98.47580498,98.44957803,99.26672155
2013/02,95.9533416,100.2388768,99.34881521,102.4725984,99.94343045,98.53428843,98.97365921,98.88570352,98.72563215,100.794108,100.0265759,98.83740658,99.29596503,98.16334811
2013/03,95.37561177,99.63682213,97.88849023,100.7864881,99.94929232,100.9376757,101.4238921,99.3405947,99.16803627,97.44477503,100.6077104,99.9692812,99.68397687,97.97794056
2013/04,99.07599072,99.4705939,98.34444998,98.60638131,99.20178526,99.92328676,100.6854261,98.65098848,98.94629745,99.31285769,99.48578005,99.8002495,98.66860726,97.23180489
2013/05,99.07024844,99.03552079,100.0991591,102.8288752,99.39861628,99.93812554,100.9232349,99.06912875,100.648759,99.87227403,100.1348261,99.38139593,98.96679735,99.01328881
2013/06,100.1957121,99.14611459,99.80048214,98.19083216,99.79870648,99.76805363,101.4421012,99.78300185,98.83824136,97.34678236,99.71462517,99.81338509,99.52670146,99.57409493
2013/07,100.4247376,99.45408179,100.4699761,97.94291003,100.1062887,98.65000891,99.97676049,100.5097257,99.81516803,99.87024486,98.58747904,100.3514326,100.6601798,99.73828547
2013/08,97.18691296,99.77921142,100.7015216,99.60895246,100.8145862,100.6125814,100.0250669,100.1719627,100.2383069,100.6796587,100.7737766,100.3367807,99.98502456,100.9259524
2013/09,100.2329319,99.47422532,99.99604266,98.58059834,100.3678299,98.61610208,99.72721926,100.9979593,100.7130809,100.3643385,99.98064789,100.6206202,100.4895128,102.296124
2013/10,106.7195055,100.9223803,100.4068716,99.24594245,101.4030827,100.3317129,98.44475347,101.6189888,100.2389454,100.0647648,100.1059562,99.59092642,100.320034,102.339134
2013/11,101.7982484,101.5273027,101.3929444,99.93060751,100.3416317,100.0869311,99.22690068,100.9753774,101.1651479,101.0264895,100.2519672,100.4667624,100.9486077,101.7923234
2013/12,102.6547464,101.3437217,100.9240549,101.1849194,99.6162274,100.5079473,99.23249061,101.4090963,102.8865838,101.2543416,99.95241862,101.6498961,102.6689719,101.9833682
2014/01,95.01793178,100.212211,106.9008055,98.77412733,101.642227,101.4245806,97.05584739,101.3081631,101.4581476,98.85063451,100.4907082,99.59537589,102.203502,101.437512
2014/02,105.0966964,100.0022899,106.1236525,102.6694722,101.5000987,104.102658,100.90531,101.3575648,101.9647014,99.81657448,100.3519463,99.85504314,101.7629637,101.059107
2014/03,104.488042,99.43571373,107.6168897,102.7187897,103.0278153,102.3969279,99.86410744,103.7191524,102.3808976,98.39695079,100.19097,96.8225554,101.417725,100.3762591
2014/04,100.7061869,99.2215087,108.6181071,103.9196172,103.9775295,104.4542482,101.7145398,104.8870704,102.1080547,99.77183931,100.0967845,99.3024427,100.9280643,100.5037599
2014/05,105.5643453,99.17614543,108.0100777,103.486751,104.3780876,108.6418445,105.053085,104.1140813,101.9293527,99.49051714,99.93524229,101.1235691,101.8542545,100.0112355
2014/06,101.0621741,98.32893963,107.9696758,104.1989893,104.3956374,104.1777458,101.5228524,103.6512543,103.6516027,97.77804282,99.42476119,100.859814,101.1728797,100.0161936
2014/07,107.6598195,97.79767568,107.7898022,98.99110585,104.8041601,107.5026397,102.7185788,103.5867951,103.8704052,99.74290602,100.5318628,100.2033486,102.138907,104.4825946
2014/08,103.3843873,98.22893097,108.6925995,101.6627378,103.2641457,106.728851,103.1286845,104.0833801,102.9318511,99.60157908,100.4965146,101.4580336,102.315071,102.7736467
2014/09,104.0283509,97.49381231,108.6464019,101.9860157,104.3466418,103.6581333,99.11995197,104.2140668,104.1610133,100.6956237,100.0816962,100.1955748,100.3461819,103.1437272
2014/10,103.9069035,96.46538983,108.8048893,105.148762,105.3877024,107.7283116,102.0284448,105.2688403,104.939781,101.4586186,99.89653133,99.95378047,102.6215482,103.557887
2014/11,103.7509786,96.2690307,108.1544729,104.3520144,106.0884899,109.0353891,103.4974288,105.7669718,104.8919461,100.053219,99.69991096,99.94546206,103.814652,103.047351
2014/12,105.4464955,95.5283951,109.5303062,104.0754881,105.7038876,109.0511435,102.3458562,106.6402303,106.2955863,101.6987243,100.0857482,97.91369712,103.7574821,104.5073103
2015/01,105.650634,95.04853245,109.581104,103.0847689,105.4104645,109.6369525,104.8303573,108.5829222,105.6252333,101.0944179,99.39170708,101.4558725,105.4964505,104.1802247
2015/02,104.6273529,97.35965614,108.4785096,100.5765368,106.6831628,108.4701833,102.7248738,109.268895,105.9241315,101.0502332,99.19526285,101.5118693,105.908584,108.8906673
2015/03,104.5959176,95.62507245,108.9811251,102.1263969,105.5667722,109.3106184,103.6576442,109.7352456,106.9108301,100.8255714,99.71112568,101.8655249,106.824212,106.5640737
2015/04,105.964496,92.61109644,109.3854898,107.1081887,107.745805,112.7045368,106.7212954,110.7069772,108.2480445,101.1833882,99.38268857,101.4879516,108.8065125,104.8693355
2015/05,111.2159579,92.69028396,107.8152121,102.961921,106.6809627,110.9829775,105.7641337,110.9718453,108.7062964,101.8189151,98.93186582,100.2023895,109.1315153,104.301457
2015/06,98.03204224,93.47381413,107.9166047,104.2310271,106.5841539,112.376452,105.478977,112.2238262,108.8395434,104.5890626,99.33504329,101.9927056,108.9321097,104.0563679
2015/07,102.3329721,93.49085892,109.2217045,108.8188675,106.7474355,115.7222964,107.1247502,112.3751983,109.0059774,102.8260795,99.15934306,102.4143973,109.6478126,102.9947089
2015/08,106.010896,93.97196831,110.9398221,108.2810217,107.0837297,111.2977253,107.0947427,114.0526148,109.326589,101.9830291,99.23826686,103.0276507,110.1556216,103.5336381
2015/09,107.1031328,93.44589891,111.441135,109.3627397,108.5071747,113.2508072,107.5105957,114.3812845,110.0653138,103.4594617,99.65147471,105.0240538,108.4147134,103.1456828
2015/10,105.5274998,93.19475131,112.268818,102.6524226,108.6243901,111.9850099,105.9023004,114.8870862,111.0194671,103.1851764,100.0495272,105.8633252,111.7155049,102.4439567
2015/11,100.4619536,92.7072705,111.6021463,105.3110678,107.3577873,110.6766662,103.186928,115.5984873,111.2863207,101.8604237,100.1871451,104.8633035,111.1345708,101.2797323
2015/12,107.1734196,92.72181187,111.0398352,104.1481124,108.0872751,107.9108763,102.4774121,115.8914838,111.4855896,102.0440551,100.8065284,106.2810354,110.5148115,105.5293719
2016/01,105.4150528,91.85398301,108.610696,106.0763416,108.6129194,110.8351372,106.8548033,116.8036457,111.7520404,103.471786,100.0252816,104.3868526,111.0341396,103.5509515
2016/02,108.0473058,93.56086152,109.6296613,106.8024958,108.1978397,112.0230426,106.5450161,117.7300213,112.723684,102.2279734,101.2213903,104.8469023,109.5115887,103.7265016
2016/03,103.7623587,92.38283994,109.2996699,106.5847889,107.4788301,112.3305824,106.9677854,118.0635857,112.8162917,103.6583398,100.5857203,103.6913055,109.6814828,101.8617248
2016/04,107.055244,90.44637439,109.347804,106.5442445,107.172579,113.7222537,105.4740973,118.2703421,113.1525558,104.4094311,101.1517634,104.93001,108.4915996,104.0136896
2016/05,105.304736,89.84522581,110.7880684,107.5481474,107.9304753,113.2808445,106.8451198,118.8944925,114.09894,103.6523474,101.54807,105.0686369,107.7402657,104.2231509
2016/06,112.3091777,89.42597731,110.8185943,105.7658603,108.1819295,114.3333909,107.6409865,119.84396,114.1808553,103.5963005,101.2434128,105.7945332,109.9623436,103.8318436
2016/07,107.029508,89.87503883,111.4083831,105.2846458,108.4664721,113.0582922,108.3156861,120.818281,114.4575004,104.8038592,101.3211863,106.8196319,110.3075645,105.0324434
2016/08,113.8856257,88.23321583,110.4272535,104.9714135,108.9203351,112.7058264,108.4685448,120.0669935,114.9297287,103.0295269,100.9920787,105.4669665,109.4291114,104.9886557
2016/09,110.0842784,88.02011043,109.4053615,105.7579044,108.1498098,114.9140115,109.0637289,121.9076624,114.1123338,103.8251635,101.2488825,103.9133912,117.8943103,104.9665251
2016/10,108.8020356,88.35608335,110.4423089,106.3650574,109.0831757,113.6817014,112.2425469,121.3496426,115.5491128,106.2931299,101.3065134,105.8372754,115.0783443,105.7538789
2016/11,108.5905752,86.82331319,109.3298921,111.7795569,109.9599872,114.1002195,110.0451003,120.0074947,116.1679768,107.6861524,101.3961766,105.1528453,114.9529722,106.0392638
2016/12,111.1760075,85.94435633,110.6375062,106.1578905,111.2260391,117.5840913,111.1428551,124.2058439,116.3264624,106.4855068,101.5133827,107.8421021,116.1362891,105.1221795
2017/01,116.0992611,85.48272457,110.4622753,105.597383,112.0739909,115.5725284,108.7449343,125.8026647,117.100478,107.3478321,103.2444323,105.5198761,113.8048369,105.0443979
2017/02,103.9611787,84.40096456,108.9204581,104.4596829,111.8296177,116.0904394,110.3856198,125.2246044,116.7988288,108.7426172,101.9258256,105.3582212,116.8579434,104.171659
2017/03,109.2743573,84.68110491,111.3888665,106.3843483,112.4821528,117.1386791,109.3320397,124.8305613,117.0835974,109.5268051,102.6720823,105.866937,115.3587795,102.748977
2017/04,110.4194377,84.62777723,108.7375674,103.8189918,112.1865542,116.7933786,113.4390611,127.9696647,116.558318,108.0963707,102.6178353,105.8950655,115.0978845,103.1377187
2017/05,107.0832933,84.57815391,111.3747994,103.4332741,111.5337623,117.0939358,110.9001367,125.772559,116.5636809,110.2795709,102.7166426,106.0174214,117.1349646,103.5222708
2017/06,117.9183568,84.28035708,110.8389911,106.3130547,111.5191556,119.3394966,113.0565289,127.127247,116.1088935,109.5987529,103.0346858,102.5518857,116.9796388,104.1782336
2017/07,111.2519317,83.50919199,108.4673344,104.7975176,111.6659933,118.2278364,111.288339,126.8111376,115.5896874,107.8203296,103.6112179,104.4085052,115.3637698,104.3920836
2017/08,111.2162776,81.16112235,108.3705589,106.0800037,112.1958299,121.2396016,111.2274077,127.1707628,116.9225665,110.4548125,102.5849716,105.3222539,115.3663944,104.6586672
2017/09,112.4953046,75.11003625,109.2988483,108.2586733,109.4786881,118.4283081,112.3593718,125.9917385,116.7611778,108.8103163,102.5890127,104.2656837,114.4064814,105.9594036
2017/10,112.4555834,79.90895091,106.0122307,107.9136356,112.4076683,120.1703161,114.2090805,127.0720887,116.3077514,109.1073581,102.2079173,105.0852489,113.7217919,103.0185444
2017/11,116.4332173,80.10198628,111.864957,107.8644011,112.4547205,121.6603419,113.0946515,127.7962876,116.8947141,110.2202993,102.844754,105.4315056,114.619477,106.8639243
2017/12,113.7432605,80.1669383,109.6558324,110.3951734,112.8581756,122.1605243,115.3488438,128.1534974,118.476525,117.8493014,102.4275036,104.1176616,113.9001384,108.0729194
2018/01,116.7297835,80.5858289,118.575366,107.8839895,112.310258,116.4202345,113.6423299,129.0447243,117.5550255,108.950921,102.4332908,105.6716237,121.6264876,108.490964
2018/02,114.6523781,78.74536991,118.9585903,107.5107066,112.768782,122.6715791,113.4880265,129.8763682,118.3539846,110.4472874,102.8226014,105.9169205,123.6002108,109.0627931
2018/03,115.5362729,78.76459735,116.3723323,108.4683092,114.6673896,123.2286866,118.8290327,131.1494286,118.1472766,110.9526022,103.2269754,105.956713,118.1637118,109.6834669
2018/04,116.0196006,79.72348133,119.7102048,107.4157385,112.1626374,120.1299347,111.8108823,130.906384,119.958494,117.0207016,102.8367162,105.332496,118.7045359,109.82445
2018/05,116.9536662,79.17459318,115.8774915,109.075969,114.7044969,124.7029654,114.0057333,134.530124,118.6578384,112.0130432,103.4429372,105.8481442,116.109122,110.0089441
2018/06,113.7100641,78.34471994,118.6096385,108.702582,114.8145363,123.3209505,114.8308879,132.1392723,118.5057583,114.9539933,103.220342,105.1173756,115.736645,112.2412662
2018/07,112.6954955,77.72830658,120.7042454,109.3669686,114.202261,122.4277947,115.9065008,133.0913149,120.3982876,114.1436309,104.25291,105.3384842,116.9908845,108.4884097
2018/08,113.9259438,77.7581127,118.3911619,103.2870474,114.6475489,124.7481436,116.3514273,132.6266326,120.7386423,116.3347627,104.4242893,105.5007122,116.0477233,106.7087459
2018/09,111.5801237,77.26136674,118.7020552,106.6064389,114.4226599,125.6047328,116.88897,129.6652057,120.6104262,116.8945112,104.1853523,105.0987634,116.1643407,106.3353206
2018/10,105.9682944,76.15306856,116.0794121,106.4020853,113.4878353,124.4316301,113.72182,131.7795236,120.6242245,114.9448785,104.4411502,104.1404984,117.0978923,106.4960537
2018/11,119.1878804,74.82793018,117.9943879,100.702352,114.4183398,122.5676429,115.4538689,131.5634057,120.8273416,116.5917605,104.6497408,107.158298,117.281886,106.7464295
2018/12,118.1618281,74.68964889,113.9179083,102.9488474,113.0836123,121.3220661,112.6618213,131.9668,121.7877683,115.2574074,102.8882206,107.5056549,115.2980962,103.4121563
2019/01,115.9697299,72.54071947,115.5001281,108.3886052,113.830933,122.0668681,113.2175804,131.809059,121.7808966,114.2879152,104.8348025,107.2475909,119.409907,106.3094017
2019/02,122.3570399,73.71896026,114.8232855,106.2211133,114.5670621,123.3312591,114.8338575,131.1166067,121.4858634,115.8519823,104.4261805,107.5299582,124.2639959,105.5845364
2019/03,116.1253191,73.97027793,114.6412767,103.3910621,113.707902,117.9441542,114.576509,132.4519637,120.853448,117.8608604,104.6665611,105.4057909,119.1396775,105.536428
2019/04,115.5582984,73.49359454,116.5072792,104.7543505,114.8774818,123.4697118,112.5605727,131.9655388,121.5222162,114.0376905,104.553394,108.0207629,116.0060995,106.0348795
2019/05,114.8950286,71.9757312,116.643162,98.77762919,115.4108657,123.9241542,114.1483216,131.9170206,121.5375225,126.108075,104.3800926,108.2922125,117.5926225,105.4234589
2019/06,115.514987,74.53263593,118.0252021,102.8134734,115.635283,122.6997582,115.349637,132.6284061,121.7932317,115.556606,104.7441115,106.8115904,117.9294431,105.2183865
2019/07,114.9188766,73.86622066,116.8922401,100.2730072,115.7598507,124.2840731,114.0842629,134.8988997,122.0748976,116.4692278,106.3658289,106.0810471,118.4692937,105.1509503
2019/08,112.9598853,76.01996277,118.7354056,99.85711904,115.0017281,121.9301446,115.5958298,135.3934791,121.2732817,117.7764752,102.3690646,108.4989927,118.6364235,105.4095797
2019/09,115.4503779,75.02878906,119.355096,98.76765419,114.6499973,121.1563671,115.1405751,134.9121175,121.036831,117.9796265,104.226761,106.2685801,119.9506522,105.753934
2019/10,113.3222767,74.57111882,118.3117509,95.87042024,111.853161,120.6379402,112.7254636,133.7344114,121.7311636,119.3648303,103.9573787,104.9315494,121.1740716,106.8603861
2019/11,112.7470953,75.84131518,118.0628743,96.59500739,112.1202173,118.5359452,112.9143639,132.7186018,122.4787205,119.8382508,103.7512428,104.7733073,121.8364428,106.5104621
2019/12,115.2805258,75.32049395,117.0294593,98.72147635,112.0046264,116.2287376,113.3084855,131.9215954,121.2578099,118.8145545,104.3539826,105.9225722,121.2714532,107.332243
2020/01,114.9079892,77.11291275,115.4466817,98.73052749,112.6752061,117.1692431,113.6741838,132.1501674,122.345789,116.5028457,103.1099226,106.2523521,124.3298644,107.1004994
2020/02,110.1824449,76.11206515,116.6928835,95.74016469,112.5712196,115.2176467,113.2782077,131.626436,122.2917447,116.4544646,103.4111118,106.2975995,125.4707593,114.3374369
2020/03,121.0406229,75.54829321,114.0788714,95.94554191,107.2060124,113.1996509,110.9121181,129.4859475,121.884574,115.6729917,102.2538221,95.96680819,87.59261494,115.6825721
2020/04,115.1199888,70.87024902,113.2645929,62.47864571,74.28315372,100.9407938,75.92125139,94.10321335,118.3709408,112.5452873,102.4050327,75.90104659,33.28629923,106.9421079
2020/05,113.1738292,68.80845153,102.4358068,62.91311935,74.83677404,84.53541284,75.20372552,92.46149782,120.5483485,114.9204597,101.9743418,72.32485954,32.35291458,106.3092645
2020/06,110.2407614,70.86691798,103.2304877,77.74752574,95.28281974,105.6803212,90.87065895,100.7642985,118.9338448,106.5995915,102.442757,75.96941797,36.00183757,106.0634812
2020/07,122.6490228,71.75325776,107.7120082,77.40654066,105.2709247,106.9589359,105.642712,106.2438037,119.8220104,117.8377679,101.634779,84.06974671,45.28065728,109.5362745
2020/08,116.3341991,72.90686026,114.4114753,86.37457982,106.6968376,112.2800133,104.7318923,107.0468253,120.0191687,115.9644717,102.9673337,84.35261331,55.27404354,107.7272245
2020/09,117.8420559,73.05391483,111.0915949,82.33317157,109.1037035,113.4459803,105.668329,114.5404722,120.4498649,116.6889179,103.1102378,85.61569757,68.02542389,107.8411221
2020/10,119.4675564,73.76556414,112.2898351,86.15419032,110.7850945,115.6566825,109.2177325,114.044517,120.410776,116.5574646,103.5458183,86.25259221,69.72728647,105.6389423
2020/11,118.1822375,73.69253025,109.9719884,88.1324275,110.9761786,117.2738637,112.9508586,118.6658268,119.9805732,115.2202276,103.2674447,86.49804281,71.68459295,107.0283374
2020/12,113.0826626,73.62833729,111.7726302,86.49077561,112.4288388,121.935284,110.7241213,119.897236,119.3955705,116.3299446,103.5442892,84.81198124,73.7339414,105.6187541
2021/01,117.1560001,74.32505594,109.8957677,88.38428305,111.540082,120.5405348,109.1325749,113.5889536,119.82006,119.3589141,104.0215651,86.62487302,72.46730054,107.3779575
2021/02,118.0742787,76.65990107,105.3765857,90.54751512,109.075539,119.5625381,109.4577531,116.1315752,118.61865,118.5459504,104.3369353,87.3763161,72.71212038,108.119099
2021/03,119.5424768,74.03955875,110.6698453,90.59080281,111.9481398,125.7487087,110.156767,121.6850086,121.0039963,118.6872774,105.0701542,89.50912394,80.03883649,108.5560056
2021/04,115.3028758,74.65105656,109.7742074,90.23044434,112.6598727,117.7840043,114.4395004,125.2524977,121.6289149,121.7116355,107.1829209,88.25215574,85.15638326,108.6710523
2021/05,124.1702292,75.13744807,111.2077211,91.59223425,111.1870788,120.134615,114.3808689,127.5870125,123.9897644,122.7986528,107.6277158,85.64691156,88.21983847,109.6386756
2021/06,119.0586351,74.44473903,110.5810359,89.73827559,111.0242233,124.8715767,109.2908356,128.6451066,122.4843129,114.1840188,104.8281346,91.46016306,89.11103623,108.5864792
2021/07,121.2780396,74.19098408,112.1657256,90.23198599,112.5922099,127.1137855,115.1300468,126.9226615,122.0202208,102.6270267,105.1264646,95.91626057,89.87586554,108.5341719
